User,Tweet
TorrezEla,Me roban la Cartera mÃ¡s linda que tengo y me da vergÃ¼enza lo que van a encontrar dentro hahahaha #sad
gabuts03,"menyukaimu adalah seperti mandi hujan, awalnya aku senang kemudian aku sakit :)
#sad #quotes"
1011Bely,"RT @EnigmaFrases: ""Todos somos rostros tristes con sonrisas pintadas"" ğŸ¥² #frases #sad https://t.co/e7IC1HrtlP"
fernyballer,RT @Howard_Cole: Meanwhile Bellinger has 10 strikeouts in 15 at bats and is as lost as ever. Pretty soon weâ€™re gonna need a designated hittâ€¦
dannyoneofmany,We Loved The Unbridled Joy He Gave To Us. #sad #tears https://t.co/tQeYZaEbUO
MonkeeRHStudio,RT @XmiEmi: Gave this to my bf because he wasnt talking to me #sad https://t.co/5YMGIEkPsH
Merica1stMan,Also 2/3 of Americans  won't do shit about it. #Sad ğŸ˜¢ https://t.co/aXKdAu4TdF
darksadebeats,"This is so f.ckn sad, another great one is gone...
BBC News - Taylor Hawkins: Foo Fighters' drummer dies aged 50
https://t.co/gpplS3o0P1

#FooFighters #rip #sad #2022"
JewelFrick,RT @Howard_Cole: Meanwhile Bellinger has 10 strikeouts in 15 at bats and is as lost as ever. Pretty soon weâ€™re gonna need a designated hittâ€¦
AL_KING2169,RT @Howard_Cole: Meanwhile Bellinger has 10 strikeouts in 15 at bats and is as lost as ever. Pretty soon weâ€™re gonna need a designated hittâ€¦
sparkymi7,"Nothing seems to work out in the endğŸª¨

#Sad #loss #Mindset #hoax"
damimeyer,RIP Taylor Hawkinsâ€¦no words. WTF!!! #TaylorHawkinsForEver #FooFighters #sad https://t.co/6KXMh3Ih8T
m_n_kotecha,"Good morning to all great political leaders of India.
I am MADHAV KOTECHA from Porbandar Gujarat . Feel #proud to have grt #HumanRights but feel #Sad that its not for us.
Me and my wife got forcely divorced by the family. Need help @RameshDhadukBjp @Bhupendrapbjp @narendramodi
ğŸ™ğŸ»"
timbinkhorst,"#sad

Taylor Hawkins (50), drummer Foo Fighters, overleden in Colombia https://t.co/DEEd9jzZhb"
lamee_chu,"#mirabelmadrigal ,#sad, #depressed, #itsokay This is a pretty sad drawing but I wonder how ğŸ¦‹ can deal with the constant words that emotionally hurts her. Hope u like it ğŸ˜Š https://t.co/s7EoVRA00T"
SurfinBert,"Such a loss of the greatest possibility.
Thoughts and prayers to all the #FOOFIGHTER #family #sad https://t.co/UIMfeoixgP"
sandra818,RT @Howard_Cole: Meanwhile Bellinger has 10 strikeouts in 15 at bats and is as lost as ever. Pretty soon weâ€™re gonna need a designated hittâ€¦
kylieevans101,#sad
freak_is_gay,Thatâ€™s the body I want :( #sad #twt #genderfluid #gay https://t.co/0fZ5ViTJja
amrEonlinejobs,"RT @amrEonlinejobs: https://t.co/AenxY11WxL

#sidehustle #makemoneyonline #fyp #passiveincome #affiliatemarketing #onlineincomeideas #succeâ€¦"
amrEonlinejobs,"RT @amrEonlinejobs: https://t.co/AenxY11WxL

#sidehustle #makemoneyonline #fyp #passiveincome #affiliatemarketing #onlineincomeideas #succeâ€¦"
EliteMassager,#beautiful #happy #style #life #photo #nature #cute #insta #model #music #travel #likesforlike #girl #selfie #viral  #liker #lfl #yourself #lifestyle #likeback #sad #thoughts #writer #photographer #k #photoshoot #india https://t.co/xoFCC5Q4qI
amrEonlinejobs,"RT @amrEonlinejobs: https://t.co/AenxY11WxL

#sidehustle #makemoneyonline #fyp #passiveincome #affiliatemarketing #onlineincomeideas #succeâ€¦"
amrEonlinejobs,"RT @amrEonlinejobs: https://t.co/AenxY11WxL

#sidehustle #makemoneyonline #fyp #passiveincome #affiliatemarketing #onlineincomeideas #succeâ€¦"
amrEonlinejobs,"RT @amrEonlinejobs: Make money online with social media
https://t.co/AenxY11WxL

#sidehustle #makemoneyonline #fyp #passiveincome #affiliatâ€¦"
rlac4,"RT @kdossantos: @ChristianWalk1r So delusional. 
#sad"
Food_2_Die_4,"@KevinElliot20 @briantylercohen Is it knowledge, education, and common sense that scares you off? I was confounded and disappointed that all these Senators with law degrees couldnâ€™t ask smarter relevant questions. Why ask if a fetus can feel pain at 20 weeks? Sheâ€™s a judge not a physician. #Sad"
MorganBurrows16,"One day, you're going to miss how much i cared for u 
#sad #fyp #feelings"
mikethekiid1,Can't wait to come back with my full power #recovery #music #sad #love
FredTheMFGoat,RT @Howard_Cole: Meanwhile Bellinger has 10 strikeouts in 15 at bats and is as lost as ever. Pretty soon weâ€™re gonna need a designated hittâ€¦
Ariiibeastybaby,Canâ€™t believe Iâ€™m about to be 21 and still a virgin :( #virgin #sad
StephenMoreton3,"Such sad news ğŸ˜“

R.I.P Taylor â¤ï¸

#TaylorHawkinsForEver #TaylorHawkins #FooFighters
#music #SaturdayMorning #Saturday
#sad #news 

https://t.co/cib6qxsoZ3"
LetsUppHindi,"à¤µà¤¾à¤¹ ..à¤µà¤¾à¤¹

à¤¡à¤¾à¤‰à¤¨à¤²à¥‹à¤¡ à¤•à¤°à¥‡à¤‚ #LetsUppApp

#shayri #love #poetry #shayari #urdupoetry #lovequotes #hindiquotes #quotes #mohabbat #sadshayari #instagram #hindishayari #shayrilover #like #hindipoetry#hindi #dil #urdu #sad #shayarilover #instagood  #LetsUppHindi #LetsUppBhojpuri https://t.co/ANh2kKiLOk"
cryptops,This is another   #Plant #Outdoors #Nature #Forgotten #Turpentine #Camp #Two #Greencovesprings #Florida #Adventure #School #House #First #Claycounty #Jenningsstateforest #Loca #History #Family #Sad #Shannonsears #Cryptops https://t.co/L6lDUBJuRO
bueno_rosemarie,"RT @LifeofBTS1: #Sad #Jungkook #BTS 
Isn't it ryt?! https://t.co/XOxnjAUA8b"
focarure,@zarezarezareza @bekasibase #sad
retroagarde,@maliburisen @uquiz lowkey feel #betrayed #sad
PabloJC,"@maurooagustin ğŸ˜¢

#SAD"
manthankalekar,"Emotions
Depression #Viral #Sad #emotional #Trending #trend https://t.co/BTxoM4aCqX"
kingcease92,RT @Howard_Cole: Meanwhile Bellinger has 10 strikeouts in 15 at bats and is as lost as ever. Pretty soon weâ€™re gonna need a designated hittâ€¦
nickstefan,"Taylor Hawkins (50), Schlagzeuger der Foo Fighters ist gestorben #music #sad #foofighters  https://t.co/O3sJgCV71H"
BBChickBrueck,"@Abby4Iowa @ChuckGrassley To bad only a few of us #Iowans could make it out to join the hypocritical #TrumPubliKKKan @ChuckGrassley for a mid day, mid week kindergarten napping ğŸ˜´ session... #SAD"
TeleportTokyo,"Ran âœ¿ - The Beginning of One Summer Night (Prod. Dead Spyro)

#tokyoteleport #ä¸œäº¬ç”µè®¯ #Ran #trap #rap #hiphop #emo #sad #cloudrap #music

https://t.co/WT30NiFTz9"
MeJuJuBee,Foo Fighters Drummer Taylor Hawkins Dead at 50 https://t.co/rpG6wADdra via @RollingStone #sad
poligrafnews,Je li savez Rusije i Kine protiv SAD prazna priÄa? https://t.co/L6j8ZhNk3p #widder #sad https://t.co/HNTg4QoyH0
NanoL87,"Era feliz y si lo sabÃ­a, pero la fuente de mi felicidad aÃºn sabiendo que lo era, decidiÃ³ irse y no serlo mÃ¡s, asÃ­ que sÃ­, en ocasiones no importa si valoras lo que te hace feliz, si decide irse, solo te queda aceptarlo y ya! #sad"
felikichi,"ã€æ‹¡æ•£å¸Œæœ›ã€‘
åºƒã‚ãŸã„ã€åºƒã¾ã£ã¦æ¬²ã—ã„ã®ã§å®šæœŸçš„ã«è‡ªå·±ãƒªãƒ„ã‚¤ã—ã¾ã™ã€‚
ã“ã®ãƒãƒ¼ã‚¯ã®ä»–ã«ã‚‚ãƒãƒ¼ã‚¯ã‚’ä½œã£ã¦ã¾ã¨ã‚ã¦ã„ã¾ã™ã€‚
ãƒãƒ¼ã‚¯ã‚„ã‚«ãƒ©ãƒ¼ã€ãƒãƒªã‚¨ãƒ¼ã‚·ãƒ§ãƒ³ã®ãƒªã‚¯ã‚¨ã‚¹ãƒˆã‚‚å—ã‘ä»˜ã‘ã¾ã™
ã‚³ãƒ¡ãƒ³ãƒˆé ‚ã‘ã‚‹ã¨å¬‰ã—ã„ã§ã™ã€‚

#ç¤¾ä¼šæ€§ä¸å®‰éšœå®³
#SAD
#ãƒ˜ãƒ«ãƒ—ãƒãƒ¼ã‚¯
https://t.co/gEZLmTaj6D"
mr_rae,"Good morning folks,

Really, really sad news this morning.

Iâ€™ve not got much to say other than once I realised it was real Iâ€™m not ashamed to admit I welled up a bit.

RIP. 

AJ. X ğŸ˜¢ğŸ¤˜ğŸ’” #sad #RIPTaylorHawkins #taylorhawkins #foofighters #musicnews #TaylorHawkinsForEver https://t.co/GKfGXD3Xj1"
SHAHIDAYAZKHAN5,"RT @realwordsplayer: ğŸ€ğŸ€ğŸŒ±ğŸŒ±ğŸ€ğŸ€

*Earlier, only the heart used to be sad, now the soul also having its effect.* 

*words player* 
ğŸ€ğŸ€ğŸŒ±ğŸŒ±ğŸ€ğŸ€

#sadâ€¦"
RoemelloV,RT @Howard_Cole: Meanwhile Bellinger has 10 strikeouts in 15 at bats and is as lost as ever. Pretty soon weâ€™re gonna need a designated hittâ€¦
LuisGer52383737,ExtraÃ±o esos momentos ğŸ˜¥ #Sad https://t.co/zBzEcBCUNR
vH7D_,"https://t.co/RUuXTnXjG3

Edward Cornell's Affidavit. This is actually sad. This man was a member of the CAF, was awarded with the MoB, then what went wrong ? // Is this man getting the help he needs ? Is the VA not doing their job ? #sad #covid https://t.co/xrWI3Zns8d"
KJFred8,All them oranges in Florida and canâ€™t even make an orange crush #sad
mookiebetta,#Sad https://t.co/w2QYBPEp1Z
camilacolonce,"ImagÃ­nate ser gringo y no poder cantar â€œcuando te beso te llevo a otro universo,  y yo me elevo si contigo conversoâ€ 
#sad"
lulucherri,Lu and zay beat my ass in tic tac toe forehead wars... ILL REMMEBER GHIS YALL Ill coke bavk #sad https://t.co/fsocAImMSR
Creamyyurri,@joliinjapan #Sad times
michigodala,#tumblr #hot #sad https://t.co/1bIwyBKyr5
Subhrajyotiidas,"Do you look like this
When You are #Sad ?? ğŸ˜®â€ğŸ’¨ğŸ˜” https://t.co/pKSsC1SXtR"
MarkStukeyII,#sad https://t.co/82XAqmeaFX
gigisellaa,#sad
cantgetnoaol,#taylorhawkins oh man. Condolences to all and everyone affected. #shocked #sad @foofighters lost for words
ChhayaS98071182,"RT @LifeofBTS1: #Sad #Jungkook #BTS 
Isn't it ryt?! https://t.co/XOxnjAUA8b"
Mingukie97,"RT @BTS_ARMY_TAEJI: Todo lo que quiero en esta vida es que este dolor tenga un propÃ³sito...
[ğŸ¥€ ğŸ’”â›“ï¸]
#frases #sad #kpop #BTS"
Mingukie97,"RT @BTS_ARMY_TAEJI: Es horrible sentir que no vales nada...
[ğŸ¥€ ğŸ–¤ â›“ï¸]
#frases #sad #kpop #BTS"
hoongitos,"RT @MDevil019: Pocas personas saben como soy realmente, el resto que hable lo que quiera.

#fyp #mood #frases #sad"
aryan_vibhor,@sanket wondering if @palkisu would indulge into such journalism! I think it's all about who you work for and where your loyalty lies.#Sad
hoongitos,"RT @MDevil019: Cuando aprendas a decirme las cosas en la cara,ese dia serÃ¡s un rival para mÃ­,por ahora solo eres mi fan.

#fyp #mood #fraseâ€¦"
SandyEggoJoe,@SamNeher24 You got knocked out the same round as SDSU. #SAD
LifeofBTS1,"RT @LifeofBTS1: #Sad #Jungkook #BTS 
Isn't it ryt?! https://t.co/XOxnjAUA8b"
YasminPolvilho,"show do Machine Gun Kelly foi mto bom, queria ta la ter visto ao vivo #sad"
realwordsplayer,"ğŸ€ğŸ€ğŸŒ±ğŸŒ±ğŸ€ğŸ€

*Earlier, only the heart used to be sad, now the soul also having its effect.* 

*words player* 
ğŸ€ğŸ€ğŸŒ±ğŸŒ±ğŸ€ğŸ€

#sad #quote #poetry 
#Ù¾Ù†Ø¬Ø§Ø¨_Ø¯ÛŒ_ÙˆÙ†Úˆ_Ù†Ø§Ù…Ù†Ø¸ÙˆØ±
#Ú©Ù¾ØªØ§Ù†_Ú©Ø§Ø³Ù¾Ø§ÛÛŒ_Ø¹Ø·Ø§Ø§Ù„Ù„Û
#ShapeOfYouWithShehnaaz"
galactic_ditto,RT @EliteMassager: #followers #happy #style #life #photo #nature #cute #insta #model #music #travel #likesforlike #girl #selfie #viral  #liâ€¦
EliteMassager,#followers #happy #style #life #photo #nature #cute #insta #model #music #travel #likesforlike #girl #selfie #viral  #liker #lfl #yourself #lifestyle #likeback #sad #thoughts #writer #photographer #k #photoshoot #india https://t.co/fV095YEP1P
imslimshelby,I miss this body so much. I am #sad I fr thought I was so fat and now I canâ€™t even fit in those pants ğŸ™‚ğŸ‘ğŸ» https://t.co/9HMPNQNgOa
dd_nguyennn,"Nhá»› 1 thá»i 
ai há»©a khÃ´ng xa ....
#Sad https://t.co/MdySiv55pm"
ihugjeeno,nctjevno suspend #sedih #sad
Creamyyurri,@SMITH_S_M_ #Sad
Nickey_is_Bored,https://t.co/tz3qu5UCZb now i am #sad. ğŸ˜ª #RIPTaylorHawkins a sad day for #FooFighters fans!
CertificatesJb,"RT @kipstersbiscuit: Thats it eldest son has bought and moved into his first house today, mixed emotions here #htlmp #MHHSBD #kipsters #hapâ€¦"
DouniaArezki,#Algerian #sad #GirlOfMyDreams https://t.co/ssgzMVgMgD
terrilahlou,Watch Foo Fighters Play â€˜Everlongâ€™ at Their Final Gig With Taylor Hawkins https://t.co/Ie0pIMlYxz via @RollingStone #FooFighters #RIPTaylorHawkins #sad
loveyoujimin16,"RT @LifeofBTS1: #Sad #Jungkook #BTS 
Isn't it ryt?! https://t.co/XOxnjAUA8b"
VYCanis_Majoris,#sad #descripciongrafica #restinpeace ğŸ™ƒ https://t.co/Ic1RY8UCjr https://t.co/On83zoEJA6
LifeofBTS1,"#Sad #Jungkook #BTS 
Isn't it ryt?! https://t.co/XOxnjAUA8b"
lizzieminxx,@IMLUJ4MIN #emo #sad #depresion #eno #renovacion
DramaMama04609,@WeThePe64808767 @Sen_JoeManchin Awe the conservative #OldYtMan isn't happy. That's #Sad Thanks @Sen_JoeManchin the rest of us approve of adding the most qualified judge the Supreme Court has sitting on the bench. Well done Sir! https://t.co/8mHr6Wolbx
DeskOfJethro,"@MarketRebels Nothing like doing this while most of your population starve, with the ""lucky few"" shipped off to Russia to work in labour camps. 

Really #sad like genuinely depressing, not trolling."
bharatlyrics,"LYRICS OF GALWAKDI (TITLE TRACK): The song ""Galwakdi (Title Track)"" is sung by #NimratKhaira from #TarsemJassar, #WamiqaGabbi, #BNSharma and #RaghveerBoli starrer Punjabi film #Galwakdi, directed by #SharanArt. GALWAKDI (TITLE TRACK) is a #Sad song, comp

https://t.co/IvK1vnyj4c https://t.co/ysRJCfTndK"
ZWilliamzyn,RT @CheesecakeGunty: I spend so much time on hinge (2 mile radius) that I can name half the girls at this bar without even meeting them. #sâ€¦
JoeyAndKristine,"@KristySwansonXO I use to Love the Academy Awards.
My family would make it a Special nite..Get snacks And watch the hole thing. My grandmother loved Billy Crystal. now with all the Politics we are out. #SadğŸ˜¢.@TheAcademy"
risewalter,But @SenSasse ya could agree with the judicial philosophy of Kavanaugh AND Coney Barrett. You continue to disappoint.  Iâ€™m always hopeful you are an independent thinker but alas you always turn out to be only a sheep. #sad https://t.co/JIlHN7kkuK
6SProductions,thoughts are with @foofighters right now #sad
RCDesenhista,"Drawing something sad :'')

Zay!sans and Chara!Unknowntale 

#unknowntale #sans #chara #sad https://t.co/s0zhyYaUje"
CheesecakeGunty,I spend so much time on hinge (2 mile radius) that I can name half the girls at this bar without even meeting them. #sad
Ronigrl,This whole game hurts...I'm #SAD ğŸ˜©â¤ï¸ğŸ’™
SHTAN_U,First they BLACKBALLED Darshan and now this? The #LCS needs to ANSWER for these crimes against the very BEST toplaners their region has EVER SEEN! #SAD https://t.co/10e83OVVNI
teresarieckhof,Sinto muito sua falta meu nenÃ©m ğŸ˜ğŸ–¤ eu fico tristinha ao lembrar de vocÃª ğŸ˜ #sad #lilangel https://t.co/kB7JHSG6tt
thekatrina28,@9NewsQueensland RIP. ğŸ˜¥ğŸ˜¥ #sad
chavagol,"Estoy mÃ¡s triste que un cholo sin grabadora, y por trabajo no fui a verlosâ€¦ #sad https://t.co/cix4l0n1c7"
itsleonorrivera,Day 6 of my Facebook locked out. It has been verified as they provide me with authentication link and they were also able to send me passcode to unlock but none works! I also sent emails to their team but I keep on going on circles. 15 yrs of pics &amp; contacts are there. #SADâ˜¹ï¸
dfsp64,"@geno_bisconte @jimmyfallon @jimmykimmel They are both better than @colbertlateshow , #sad"
BaseballKris16,"Loss 4 Wds!ğŸ˜­ So devis &amp; in tears rt now. Cant believe,another grt ğŸ¥ &amp; per gone 2 soon. So Horrible! Like Neil,theres no""Replacing""Taylor H. ğŸ™ 2 @foofighters,staff,his Fam.""Blessed are those who morn,4 they will be comforted.""(Matt 5:4) #Shocked #Sad #Tragedy #RIP #FooFighters https://t.co/8AKimP5QwD"
unajungwonista,#sad #emo #Depresion #f
luatstars,@wondersuaste #sad https://t.co/WPxiMx4WxB
collydoodle,RT @SashieKool: The adults failed him. He was obviously too big for that ride and you can see itâ€™s not secured. #rip #florida #iconpark #saâ€¦
Richarrrd001,One thing I did that was a mistake ! Is say Iâ€™m sorry for someone elseâ€™s bs mistake ğŸ—£#relationship #sad #FridayFeeling
cocomoco1234567,Here's the funny thing I am a  nobody and he's worried about me just too funny but I guess true colors came out tonight..#sad https://t.co/2NLdgpYsSV
Et3n_YT,"Dating isnâ€™t even worth it anymore, Now people like you for your body not personality ğŸ«  

#Depresion #fyp #depressed #quotesoftheday #sadboyhours #sad #sadquotes #quotes #et3n_yt"
athenathekid,Gue gagal jalan sendiri karena ujan #sad
BBorbz,RT @Howard_Cole: Meanwhile Bellinger has 10 strikeouts in 15 at bats and is as lost as ever. Pretty soon weâ€™re gonna need a designated hittâ€¦
DeahDipietro,@unionstreetsf ??? How?? #sad
PParchea,FEMALES DONâ€™T EVEN KNOW HOW TO COOK NOWADAYS BUT WANT A BRIKIN BAGâ€¦ #IMMOB #SAD #ASF
Howard_Cole,Meanwhile Bellinger has 10 strikeouts in 15 at bats and is as lost as ever. Pretty soon weâ€™re gonna need a designated hitter for the center fielder. #Sad #Dodgers
NoRagrets99,@gonzagahottakes @dlynnbergs Fans of 2 seeds that couldnâ€™t get by the 1st/2nd round coming @ me on Twitter. #Sad
botanic_my,RT @DoktorEdin: @klixba #PressFreedom #UN #SAD #EU #UK #Germany #Russia #UnitedNations #Aleppo #USA #antiTrump #genocide #London #France #Pâ€¦
avenimore1066,Absolutely shocking news @taylorhawkins ğŸ˜”ğŸ˜” @foofighters #foofighter #taylorhawkins #sad
mads_always,"Taylor Hawkins, baterista do Foo Fighters, morre aos 50 anos ğŸ˜¢ğŸ˜¢
Que triste #sad https://t.co/aweiPZPPKF"
Mass_Spectrum,Check out my latest beat @ https://t.co/iVGZMUwenl                                     #TravisScotttypebeat #emotional #sad #trap #hiphop #orchestral #strings #unsignedartist #independentartist #newrapper #musicproducer  #audioengineer #denver #houston #memphis https://t.co/ecmZOJCklj
lucxs_mon,i dont have internet in my house i have never felt more miserable than this #sad
galactic_ditto,RT @EliteMassager: #comment #happy #style #life #photo #nature #cute #insta #model #music #travel #likesforlike #girl #selfie #viral  #likeâ€¦
EliteMassager,#comment #happy #style #life #photo #nature #cute #insta #model #music #travel #likesforlike #girl #selfie #viral  #liker #lfl #yourself #lifestyle #likeback #sad #thoughts #writer #photographer #k #photoshoot #india https://t.co/jJtrpNDtnF
JFSebastian146,RT @DoktorEdin: @klixba #PressFreedom #UN #SAD #EU #UK #Germany #Russia #UnitedNations #Aleppo #USA #antiTrump #genocide #London #France #Pâ€¦
DeskOfJethro,"@itskyleconner Why is this sad shit coming up in my Twitter? 

Is it like #sad #flex day or something? 

Or is this like the front running indicator that bragging about buying a Kia and Pizza is where the economy is at right now? ğŸ¤£"
sugandf,#hindi #love #poetry #shayari #hindiquotes #india #hindipoetry #instagram #hindishayari #quotes #lovequotes #urdupoetry #urdu #writersofinstagram #follow #bollywood #shayar #shayri #writer #motivation #poetrycommunity #sad #life #hindikavita #shayarilover #hindiwriting #bhfyp #mi https://t.co/squ4PffnCb
BradFuerst,Holy shit! RIP Legend. #taylorhawkins #sad #theregoesmyhero
fuckpvrky,@UnassociatedM @nxydo @kaykookiedough i do i cry from the vicious beating my father gives me #sad
Delegatexvp,@mattpinfield I just saw this #sad
allabtjade,Not even police you can trust in Jamaica #sad
Iconauthorunkn,"Never allow someone to be your priority while allowing yourself to be their option.
.
.
#breakup #sad #hatelove #JEEMain2022"
luckasvnc,"Em momento solitÃ¡rio, me pergunto oque tou fazendo da minha vida ""kkkk""
Nem Ã© meme ..... 

 #sad #meme #happy #TikTok #BrasilxChile https://t.co/FVNOSabcji"
cuccilani,disclaimer wala po actually cash na pinapamigay ğŸ˜£ #sad
poligrafnews,DrÅ¾e ga izolovanog â€“ je li SAD predsednik DÅ¾o Bajden senilan? https://t.co/AbWjPHfeYD #widder #sad https://t.co/CmTsjGZyUr
sideralqueen,Insomnia strikes again. And this acc ia relatively new so I've never felt more lonely in my life lmao. #sad
a___lia,pAS DAH SELESAI BAKAR2 LANJUT NYIRAM BUNGA TP VUA DAN KOPI GOOD DAY GWA JG DISIRAM #sad https://t.co/aJABnp37Uz
Gagankhatrii,"à¨•à¨¹à¨¿à©°à¨¦à©€ à¨•à©€ à¨¸à©‹à¨š à¨°à¨¿à¨¹à¨¾ â€¦â€¦â€¦ à¨®à©ˆà¨‚ à¨•à¨¿à¨¹à¨¾ , à¨¤à©‚à©° à¨•à¨¿à©°à¨¨à©€ à¨¬à©‡à¨µà¨«à¨¾ à¨¨à¨¿à¨•à¨²à©€ ğŸ’” âœğŸ»
#soch #brokenheart #Sad https://t.co/jbUHUUQ3KE"
JoelRayIshman,@WilHovaJr In order to fully participate in their system... you gone have to play by their rules. We only 150yrs from when our people had owners. We literally belonged to a white person. It's still their system that we're trying to carve out some type of space in. #sad
DoktorEdin,@klixba #PressFreedom #UN #SAD #EU #UK #Germany #Russia #UnitedNations #Aleppo #USA #antiTrump #genocide #London #France #Paris #Italiy #Rohingya #Yemen #MigrationEU #Migration #politiek #Ï€Î¿Î»Î¹Ï„Î¹ÎºÎ® #BiH #pljuniVlast #AntiMacron #stopBREXIT #GiletsJaunes #BlackLivesMatter #Anonymous https://t.co/cfqGQS9U58
elenaRichard21,"Decoding #emotions: #Scientists can now tell if a #pig is #happy or #sad
#saturdayvibes #covid19safety #omicronvariant #psychiatry #psychology #conference2022 #staysafestayhealthy 
For more information visit our website : https://t.co/eDuoH9cGsd https://t.co/nTqwxNZVST"
SarahMyatt12,RT @johnyassavetes: i want some pretty dangly earrings but iâ€™m too afraid to get my ears pierced #sad #depressed #suicidal
ShaloYipeeKiYay,"Hoy me corrieron de mi trabajo a medio directo y media partida de Fortnite ğŸ˜¥

#sad"
AlisonG75772620,"Â¿De que te sirviÃ³ quererme?, si al final te fuiste... #colombia #BogotÃ¡ #sad #love"
La_carito_79,"Acabo de ver ""si yo tuviera 30""
Uuufff que serÃ­a mÃ¡gica la vida si se pudiera adelantar y dps retroceder!!

#sad

https://t.co/JzibTCRrdW https://t.co/b1sPowkRaz"
JackRFish,RT @CKeniry14: Wake forest 23 wins and 13 in the ACC. Meanwhile they got left out and every single BIG10 imaginable got a bid. @NCAA #sad
ToreKush,@RichardSsuna Unfortunately we need laws so that â€œhumansâ€ donâ€™t torture animals ğŸ¤¦ğŸ¼ itâ€™s like some people just gave up themselves and they live in this weird backwards dimension where they have to torture their pets &amp; even friends for no reason ğŸ’”just being massive tumours #SAD #JUSTICE #LOVEğŸ’ª
drunkbutter,I just want to be a normal person and have a normal lifeâ€¦not questioning every day if Iâ€™m gonna yeet myself into trafficâ€¦#edtwt #depression #alone #sad https://t.co/yyofgpsoQi
Paulyluvsu,#FooFighters #sad #speechless #tylerhawkins #RIP
pharaohleee,@Devanniisama Boy you have all these fucking cars and you donâ€™t even play in tournaments #sad
blairgoudie,My weekendâ€¦ #nft #nftart #nftartist #sad #sadsimpsons #simpsons #sadsimpsonsedit #nftcollector #nftproject https://t.co/R4bCiOe5gP
showstopperAsim,@myntra  4 days now that I have been trying to resolve my return issue with order no.1199140-4153773-6720703. This is highly frustrating. It is just impossible to contact myntra unless you are an insider!! Myntra would not accept my return without a tag that was NEVER sent! #Sad
EnderRoth,R.I.P Taylor Hawkins Foo Fighters will never be the same with out you brother. #Music #Sad
qireau,RT @UrrutiaAlejo: Taylor having funâ€¦ ğŸ˜­ #FooFighters #taylorhawkins #DaveGrohl #bogota #colombia #sad https://t.co/Npf4GShv9o
HereticErik,"Sad day. :(  RIP

#TaylorHawkins #FooFighters #Sad 

https://t.co/3CMRjLqRd6"
SergeantPinback,@davidfrum #sad
DoktorEdin,@klixba #Ukrajinu unistavaju rusi a #BiH unistava #EU #SAD i #NATO. Ono sto je rusija za ukrajinu to je EU SAD i NATO za BiH. Budite sretni sto nije ostala stara administracija u americi i sto se promijenila administracija njemacke i sto je #EPP ozbiljno poljuljan
1065KWHL,I wish it wasnâ€™t true. RIP @taylorhawkinsofficial #riptaylorhawkins #heartbroken #sad https://t.co/Wo1yuhIMZf
todoestamal16,EstÃ¡s haciendo con el lo que yo siempre te pedÃ­a que hicieras con migo y nunca te dieron ganas de hacerlo ğŸ’”#sad
CKeniry14,Wake forest 23 wins and 13 in the ACC. Meanwhile they got left out and every single BIG10 imaginable got a bid. @NCAA #sad
Agumrcv,Una vez juguÃ© a ser pendejo y asÃ­ me quede &lt;/3 ğŸ˜”ğŸ’” #Sad
itsMBzle,@NFTZerk #sad &amp; #low
UrrutiaAlejo,Taylor having funâ€¦ ğŸ˜­ #FooFighters #taylorhawkins #DaveGrohl #bogota #colombia #sad https://t.co/Npf4GShv9o
jessrab1131,"@LindseyGrahamSC @LindseyGrahamSC, is it hard to know that you will never, ever, ever be this inspiring, this admirable, and this luminous? #Sad #GoHome

https://t.co/hlNAWbc35V"
p3cintajemin,misi untuk ketemu lgi gagal #sad
jessrab1131,"@SenTedCruz @SenTedCruz, is it hard to know that you will never, ever, ever be this inspiring, this admirable, and this luminous? #Sad #GoHome

https://t.co/hlNAWbc35V"
jessrab1131,"@HawleyMO @HawleyMO, is it hard to know that you will never, ever, ever be this inspiring, this admirable, and this luminous? #Sad #GoHome

https://t.co/hlNAWbc35V"
jessrab1131,"@HawleyMO, @SenTedCruz, @LindseyGrahamSC, is it hard to know that you will never, ever, ever be this inspiring, this admirable, and this luminous? #Sad #GoHome

https://t.co/hlNAWbc35V"
kilamalays,RT @XmiEmi: Gave this to my bf because he wasnt talking to me #sad https://t.co/5YMGIEkPsH
poligrafnews,DrÅ¾e ga izolovanog â€“ je li SAD predsednik DÅ¾o Bajden senilan? https://t.co/AbWjPGXE75 #widder #sad https://t.co/V4TIL4sFfu
galactic_ditto,RT @EliteMassager: #likeforlike #happy #style #life #photo #nature #cute #insta #model #music #travel #likesforlike #girl #selfie #viral  #â€¦
EliteMassager,#likeforlike #happy #style #life #photo #nature #cute #insta #model #music #travel #likesforlike #girl #selfie #viral  #liker #lfl #yourself #lifestyle #likeback #sad #thoughts #writer #photographer #k #photoshoot #india https://t.co/xoFCC5Q4qI
Gingyi1,"RT @allen_childs22: #HollywoodHypocracy #EliteScum
#CriticalThinking #DavosAgenda
#Hypocrisy #MKUltraVictim #sad
#twistedreality #greenagenâ€¦"
winightcheese,@KristenWeather Another 4 weeks of Paxil ğŸ™ƒ #SAD https://t.co/DJJ0dJ54YZ
Anastasie290,"I do not know what other people think about love, but for me there is no such thing as love. Why is there so much loneliness and lies behind the word love? ğŸ˜ŒğŸ˜ŒğŸ˜Œ
#sad #emotional #lonely"
1989foxbodygt,@JeffVaughn @LAPDHQ ğŸ˜‚ğŸ˜‚ğŸ˜‚ğŸ˜‚ğŸ˜‚#LiberalLunacy #Sad
AsTimeGoesBy0,"RT @AsTimeGoesBy0: @Judith54Nunn @noplaceforsheep When Scotty's polls are dropping, Jen goes shopping.
For votes.
On the telly.
#sad"
Lightning1z,"Hard to watch because Biden said his nominee MUST be black and female at exclusion of ALL others? Reverse discrimination hires don't always fail like the @VP did We shall see but dishonesty, soft on pedophilia and strong on baby killing not off to a good start #sad ğŸ˜¢ğŸ‡ºğŸ‡¸"
DoktorEdin,@klixba #EU je mirovni sporazum s kojim se izvrsio udar na ustav #SRBiH. Mirovni sporazum je zaustavio rat medjutim vi ga danas nazivate ustavom a kantone i entitete ustavnom kategorijom sto nije tacno. #SAD #rusija i ostali garanti du mirovnog sporazuma izmedju hrvatske srbije i #BiH
solitudeenjoyer,"Saya percaya bahwa komentar yg nyinyir ini datengnya kebanyakan dari bukan orang beragama Islam. Dan misalnya dia muslim pun, amalan ibadahnya dan pengetahuannya belum tentu sebanyak para alim ulama. #sad https://t.co/81YjmEChzb"
Grandkathy,RT @TerrierWheaten: My morning bone was cut in half :( Can u Pwease make me whole by giving me the other half Hoomom?  #wheatenterrier #dogâ€¦
McKayGLIER,@GBullerjahn @TBrown_birds #Sad
ElaJMeadows,"Aching For a Hug

A thread â¬‡ï¸
#loss #grief #covid #death #dying #heaven #poetry #poem #poemoftheday #sad #sadness #missyou #rip #restinpeace #furryfrends #grampa #coping https://t.co/cRWgoDBIqJ"
JeffPar00999726,"RT @Kindness626: Sad face, sad teary eyes ğŸ˜¢ This baby just wants to feel loved. Please #adopt Simba. Take a look â¬‡ï¸ ğŸ’” #sad #lonely #parentâ€¦"
DoktorEdin,@klixba EU je kancerogena u BiH i kreator svih destruktivnih ideja u #Bosni a provodi ih uglavnom kroz #EPP i v4 koje imaju svoje aparatice u #BiH. #EU #SAD i #NATO u BiH provodi #apartheid a rusija im je samo partner ali i izgovor za zlo koje nam nanose.
lorrainemiller7,"RT @Kindness626: Sad face, sad teary eyes ğŸ˜¢ This baby just wants to feel loved. Please #adopt Simba. Take a look â¬‡ï¸ ğŸ’” #sad #lonely #parentâ€¦"
CreedHameed,"Attitude is everything!

#attitude #insta #viral #photoshoot #india #likes #quotes #bhfyp #tiktok #trending #loveyourself #success #positivevibes #comment #sad #modeling #mumbai #kerala #bollywood #lovequotes #motivationalquotes https://t.co/LlyObmRkVG"
MattMcCool24,The defense in the @NBA #NBA is non existent and so bad. I love the Sixers but this product looks like a @Globies game now #sad
Johan67437946,No les pasa como que necesitan un consejo de una persona que se alejo de su vida?ğŸ’”##sad
PaintedRockJohn,@i8libtards Reread your text when youâ€™re sober. #trump #sad #dangerous
ihiditall,i want to die. #Pain #Sad #DONE #empty #alone #heartbroken #miserable #truth #itstoolate #helpnotneeded
Michell10032864,"Que feo es saber que si tÃº no le escribes a ""tus amigos"" ellos ni se molestan por escribirte 
#sad
#andobajoneado
#diganmetklonecesito..."
DoktorEdin,@klixba Vi polahko pokusavate privikavat narod na podjelu drzave. Na svaki nacin unistavate #BiH zajedno sa #NATO-m #EU i #SAD-om. Vi nikada niste radili na gradnji drzave i jacanju drzave vec radite kroz tz. komromise da sto vise podjelite drzavu na 3 djela. Dokazite suprotno
eBookLingo,"A Choice No Mother Should Have To Make by Mary Jane Markey

ğŸ“š https://t.co/MzjO0NrKyo

#Book #Read #WritingCommunity #BookPromo #BookPlug #BookLover #BookBuzz #Biographical #emotional #sad https://t.co/WArbnD810k"
DNus48,"Gegara mas Jokowi bilang mudik harus booster semua masyarakat langsung pengen vaksin, #sad https://t.co/JYpDni4LEO"
rachfriedbieb,wait so i think im done vlogging cuz im trying to edit and rewatching my footage has turned so cringy i cannootttttt #sad #needaneditor
RosieWrites2016,That moment when the author who quite literally saved your life and inspired you to write slowly becomes worse and worse of a person everyday then virtue signals by pledging to charities...#sad #terf
MahendraGadhvi7,à¤¸à¥‹à¤š à¤°à¤¹à¤¾ à¤¹à¥‚à¤‚ à¤•à¤¿ à¤¦à¤°à¥à¤¦ à¤­à¤°à¥‡ à¤—à¤¾à¤¨à¥‡ à¤¸à¥à¤¨à¥‚à¤‚ à¤ªà¤° à¤¦à¤°à¥à¤¦ à¤¨à¤¹à¥€ à¤®à¤¿à¤² à¤°à¤¹à¤¾ à¤•à¥‹à¤ˆ à¤¹à¥ˆ à¤œà¥‹ à¤®à¥à¤à¥‡ à¤¥à¥‹à¤¡à¤¼à¥‡ à¤¦à¤¿à¤¨ à¤•à¥‡ à¤²à¤¿à¤ à¤…à¤ªà¤¨à¤¾ à¤¦à¤°à¥à¤¦ à¤‰à¤§à¤¾à¤° à¤¦à¥‡ à¤¸à¤•à¥‡à¥¤#sad #dard
CarlVernet,RT @TerrierWheaten: My morning bone was cut in half :( Can u Pwease make me whole by giving me the other half Hoomom?  #wheatenterrier #dogâ€¦
XzForsythe,"This feeling is getting me so numb, my heart can't decide what way I should follow.

#top #sad #thought #Pensamiento"
grannysue1996,"Binge watching #ChicagoFire and so many arenâ€™t on it anymore. Otis, Gabby, Antonio, their dad, Connie, Dr. Rhodes and Casey and now Brett too. And thatâ€™s just one episode. #Sad #OneChicago @NBCOneChicago"
Giovann08483794,"@iris_foxxo I LOVE IT SO MUCH But Excuse Me I'm So Sorry I'm A Little Sad ğŸ¥ºğŸ¥ºğŸ˜­ğŸ˜­ğŸ˜ğŸ˜­ğŸ˜­ ğŸ˜­ğŸ˜­ğŸŒ§ï¸ğŸŒ§ï¸ğŸŒ§ï¸ğŸ˜­ğŸ˜­ğŸ˜­
 #sorry #sad"
nike_2ne1,"Maaf aku sempet ngilang, kmren aku sibuk dipernikahan BD, yahh pernikahan sahabatku itu btw happy wedding ayanggkuuğŸ–¤
Yahh hariini hari ke 2 tanpa liat bd secara langsung dan bahkan tanpa da kontekan sama sekali, no chat, no call, Dan hariini juga hari ke 6 kerja tanpa bd;)
#Sad"
LiamHellsing,"""Las caricaturas de antes eran mÃ¡s bonitas y creativas""

#memexico #anime #gaming #sad #sadmemes #aesthetic #gothic #rock #ResidentEvil #SilentHill #comics #marvel #dccomics #Naruto https://t.co/N4hktOthUJ https://t.co/9enTa6DDks"
lawntechkenny,#SAD https://t.co/EKUF3rKcow
GrosUsai,"RT @Kindness626: Sad face, sad teary eyes ğŸ˜¢ This baby just wants to feel loved. Please #adopt Simba. Take a look â¬‡ï¸ ğŸ’” #sad #lonely #parentâ€¦"
whyouhatebilly,"No program lives off one run, like Geiger mason

#Sad https://t.co/zRTvqLOM8l"
ZHlMIM,@songrningi gUE BUKAN ANAK PUNK BYASA #emo #sad
iampettyale,"Ãºltimamente...eh perdido la conexiÃ³n con mi entorno y me siento desaparecer :(
#escritos #sad"
MrRiyan27,à¤œà¤¬ à¤¤à¥à¤®à¥à¤¹à¥‡ à¤†à¤–à¤¿à¤°à¥€ à¤¬à¤¾à¤° à¤¦à¥‡à¤–à¤¾ #sad #love #hindi #status #foryou #Trending https://t.co/5PUsNf4pR2
iramaJsucraM,"Frank Nilinkina, Boban, Josh Green &amp; Chriss all at once. The mavs gave up #sad"
Enter_Z3R0,RT @XmiEmi: Gave this to my bf because he wasnt talking to me #sad https://t.co/5YMGIEkPsH
iIuvheejake,WALA NANG SUNOD HUHU look oh im #sad na
nctjisuxng,@heeseudng #sad
Kindness626,"Sad face, sad teary eyes ğŸ˜¢ This baby just wants to feel loved. Please #adopt Simba. Take a look â¬‡ï¸ ğŸ’” #sad #lonely #parent #dog #AdoptMePets #AdoptDontShop #animallover #spreadlove #world #FactsMatter #cute #WrestlingCommunity #Read #Reading #booklover #networking #naturelover https://t.co/ipt53X6Nl6"
GigaterAlex,RT @XmiEmi: Gave this to my bf because he wasnt talking to me #sad https://t.co/5YMGIEkPsH
wendy_soxy1girl,RT @ThisPeggy: @wendy_soxy1girl @HawleyMO Sounds to me like @HawleyMO is soft on crime. Or maybe he has a thing for violent sex offenders.â€¦
galactic_ditto,RT @EliteMassager: #myself #happy #style #life #photo #nature #cute #insta #model #music #travel #likesforlike #girl #selfie #viral  #likerâ€¦
fionac327,All my friends hav the flu #sad
ThisPeggy,@wendy_soxy1girl @HawleyMO Sounds to me like @HawleyMO is soft on crime. Or maybe he has a thing for violent sex offenders. #Sad
EliteMassager,#myself #happy #style #life #photo #nature #cute #insta #model #music #travel #likesforlike #girl #selfie #viral  #liker #lfl #yourself #lifestyle #likeback #sad #thoughts #writer #photographer #k #photoshoot #india https://t.co/hDgLBQCWRV
Hanbin_thebest,"Una vez se saltÃ³ mi carta, me doliÃ³, pero prefiero que sea Ã©l el que rechaza mis cartas y no uno de mi barrio. 

#lew #crying #sad @TPST_twt ğŸ’”ğŸ’”ğŸ’” https://t.co/DaVdWbVy7N"
einerdrake,"White House is forced to make correction after Biden suggested US troops WOULD be sent into Ukraine and had already been there in speech slip up to paratroopers in PolandÂ Â 
via https://t.co/2gxVo5uIky #sad #scary https://t.co/aja1XWR3j1"
JuanSan32227243,RT @Ro8391: #GlobalWarming #Sad https://t.co/uAdrHF6bGs
spamquotesc,"How can one person make you feel so good. But when you loose them its like a piece of you is gone. Why you have to leave me .
#upcoming #sad #sadquotes #follow me #ex"
bugs_bhargava,"@ArvindKejriwal 
The USA will no longer be a super power #meltdown 
USD will drop #Sad 
Langley will curb it's expenses to save themselves #hmmm
Flow will #stop
#NewWorldOrder vl change d change
Basically u r d0 0med
That laugh will cost u a lot!

#Savethistweet

@HarishKhuranna"
Sashaly57530067,I literally had just enough money for one gas fee. This is bs. Lost it in my failed transaction ğŸ˜­ #saitamadk #saitrealty #ethgas #sad  #wannacryfr https://t.co/Y2T3X8EOTY
ClohessyRobert,@thetopjob Yep ! Dumb is correct! #sad
anklebiter_t,"Got a hole in my soul growing deeper and deeper ğŸ¶.
.
.
#me #music #lyrics #bmth #bringmethehorizon #mirror #elevator #mind #head #feelings #emo #this #girl #sad #psycho #hate #person https://t.co/ZzHRO5Eubq"
0Deshimaru,I  wish I had more money to buy better tech to make better youtube streamsğŸ˜¢ğŸ˜¢#0Deshimaru #blackgirlgamers #sims4 #lifeisstrangeremastered #HorizonZeroDawn  #cyberpunk #pcgamer #playstation5 #consolegamer #sad
NauticalNathan,"@bykevinclark @NoraPrinciotti thatâ€™s 2 grand juries and no indictment, are yâ€™all going to hold a podcast on that or continue to blast Deshaun, it really looks unprofessional on that entire podcast that you had last week #sad"
Ssddsam,"#american #bulldog Skye is so cute. Got her own blanket, pillow and is snoring away. She makes #insomnia nights less lonely #depressed #sad #mentalhealth #keepgoing I'm not good at all right now but I keep reminding myself that I have beaten this before and I can do it again https://t.co/BzpsOyWqmi"
OfertasVips,RT @_TyLand24_: #APPLAUSE #Sad #SadSam #Puppy #Pupper #Dog #PuppyDog #Animals #StuffedAnimal #Vintage #VintageStuffedAnimal #Tall #PLUSH #Vâ€¦
PNut39285600,@CathyColeFL @rhonda_harbison @NoLieWithBTC @BenSasse ğŸ‘ #sad
TrevorPetersTV,@EileenOsborne19 I am #sad but #blessed
cowgirlpharb,RT @treacherousbitc: #sad @cowgirlpharb
_TyLand24_,#APPLAUSE #Sad #SadSam #Puppy #Pupper #Dog #PuppyDog #Animals #StuffedAnimal #Vintage #VintageStuffedAnimal #Tall #PLUSH #VintagePlush #TOY #DogToy #VintageToy #PLUSHTOY #Mercari #SALE #MercariSale #PUPPIESFORSALE #DOGSFORSALE #TOYSFORSALE #DOGTOYSFORSALE https://t.co/TEKVQJeRfx
MageshBharathi6,"#MB
#MBPHOTOGRPHY 
#MAGESHBHARATHIPHOTOGRAPHY #sadmonkey #sad #sadness #sadlife #monkeylife #life #animals #animal #fellings #monkeys #monkeyface #indianmoney #india #blackandwhite #blackandwhitephotography  #streetphotography #bbc #bbcearth #bbctravel #bbcnature #bbcanimals https://t.co/6Jh4dm3zqD"
Foo_Fightersowo,"RT @LaCuentaDelFan: A veces me pongo muy sad ;(
.
.
.
#frases #tumblr #rubius #cuarentena #sad :( https://t.co/YGpaKETHZK"
LilHotPxcket,RT @LilHotPxcket: My pet squirrel shauntavion quantavious dingleberry III passed away Iâ€™m gonna be taking a 456 minute break from the Interâ€¦
zaintzaplus,"RT @InfocomS: #Recordando

â¡ï¸AtenciÃ³n Centrada en la Persona

ğŸ‘‡Â¿Esto ya lo hacemos?ğŸ‘‡

âœ”ï¸âœï¸@acpgerontologia:  ""Si nuestra respuesta ante lasâ€¦"
MentalHealthBo5,"RT @transpoticket16: TODAYâ€™S THE DAY!!! 
ğŸ¤·ğŸ»ğŸ¤·ğŸ»ğŸ¤·ğŸ» 

#MentalHealth #MentalBreakdown #Sad #Mood #Life #TransIsBeautiful #Memes https://t.co/WEJâ€¦"
transpoticket16,"TODAYâ€™S THE DAY!!! 
ğŸ¤·ğŸ»ğŸ¤·ğŸ»ğŸ¤·ğŸ» 

#MentalHealth #MentalBreakdown #Sad #Mood #Life #TransIsBeautiful #Memes https://t.co/WEJy5f9PcG"
AlisonG75772620,"A pesar de todas las razones que me diste para irme, siempre estuve ahÃ­ #sad #love https://t.co/FpD5YSEX6D"
h_alimaaa,@esaias91 Game paved the way for strippers to rap and now Cardi has surpassed him #sad
xAsianXGirlx,"#SAOÃ·#SAD NO
#CHANGDRA #REPUBLIC #MECCA CAN't #RESPECT #SHEğŸ˜¢ğŸ’”#HONORING #KILLING OF #SHE THE #VIENTICIAN
#ENGLESE #MEtters #KARKAI
#KILLING TO #SAIL THE #SEA TO #MECCA #KILLING #SHE #ME I
#laissera
Ola love she #HONORing
#MOTHER
ğŸš«#Last #PaLi #MONTMARTRE
https://t.co/z138wafrYB"
KidSaleen,"@samkirmani17 @heauxmeauxsex Good luck with your ongoing battle with reality. Understanding the complexities of the world must be really tough for you. 
I understand why you must lash out. #sad"
drunkbutter,"-tells someone that Iâ€™m not well..-
-tells them how Iâ€™m massively depressed-
Them-#edtwt #sad #depression #alone https://t.co/rJGq4ye2n1"
FrankiepuUwU,"Pregunta del dÃ­aâ€¦ Â¿QuÃ© estÃ¡n dispuestos hacer para lograr un objetivo?. Cualquiera que fuese. Alguna vez escuchÃ© esto: â€œSolo las personas que estÃ¡n dispuestas a arriesgar ir demasiado lejos, pueden encontrar lo lejos que pueden llegarâ€. #frases #RT #depresion #Lecturas #sad https://t.co/g0Zj9NdZau"
tangbintaang,"Bisakah kamu kembali?
Aku sakit sejak kamu pergi 

#galaubrutal #Sad #gamon #katakatasad"
MKTG_FREE_TRNG,RT @Ro8391: #GlobalWarming #Sad https://t.co/uAdrHF6bGs
ChoPpeeDR,"OjalÃ¡ tuviera padrinos mÃ¡gicos y pedirles un deseo. ""Que te enamores de mÃ­"" ğŸ˜ªğŸ¤§ #Sad"
davidsanger,@NoLieWithBTC #sad == #pathetic
GSFCbob,RT @XmiEmi: Gave this to my bf because he wasnt talking to me #sad https://t.co/5YMGIEkPsH
DrBusyhead,B1G went out big time being fake toughâ€¦. #Sad
SamENole,@chapmoney713 Everyone knows the Big 10 sucks.  No titles since 2000.  #Sad
unsaidjocelyn,i think it might be my period but iâ€™m feeling #sad
KL3V4S_B,"JÃ¡ DisponÃ­vel 
"" Problemas "" 
De Klevas B com a colaboraÃ§Ã£o de Erick Antonio ( HOTMOON ).
Primeira faixa no estilo de R&amp;B Slow espero que gostem...

Link:
https://t.co/OgrN4SZSDR

#lovesongs #sad #OneLove #Angola #Mozambique #Portugal #CaboVerde #feelingthelove"
Otmar_Ballmann,ANGAD NISHAD 10M - new love statusğŸ’ 2022â¤ï¸#shorts #sad #love #angad_nishad_10m #status - https://t.co/RlWkvm3Fyk
Otmar_Ballmann,ANGAD NISHAD 10M - new love statusğŸ’ 2022â¤ï¸ #shorts #sad #love #angad_nishad_10m #status - https://t.co/dsVrsUGXTj
RodneyRahl,"@FarmersInsAZ 
Pretty sad day for me and my claims.  Never had this issue with any other company.  Check my claim.  #sad #mymistake"
LuzdeLu82659949,#Sad https://t.co/F576WGsuMI
BenjaminSchott,Purdue is a cruel joke of pain with hoops. Amazing!!! Back to weatherâ€¦letâ€™s hope that hurricane season is not as bad as Purdue Basketball. #sad
Andrea54028906,"Cuando llueva durante la primavera, no temerÃ©, recordarÃ© las lecciones del pasado y simplemente bailarÃ© bajo la lluvia, vivirÃ© la tormenta y renacerÃ¡ dentro de mi la llama que me impulsa a vivir.
#sad #aloneagain https://t.co/rzQlzpXGSn"
this_waffle,RT @XmiEmi: Gave this to my bf because he wasnt talking to me #sad https://t.co/5YMGIEkPsH
padrejeremyh,Freddie Freeman looks ugly in a Dodger jersey #sad Charlie deserves better
HXsays,"@SenSasse you small Insignificant man and now with a cherry Coward on topâ€¦. How sad and fragile you must be to not be able to vote for a well qualified, extremely intelligent woman who happens to be black. #sad #disgrace #insignificantman"
Laurna55944303,"RT @Meh_pu_Bruh: broken dream.

#digitalart #digitalarts  #digitalartwork #art #illustration #illustrationartists #illustrations #drawing #â€¦"
JThekhalish,RT @XmiEmi: Gave this to my bf because he wasnt talking to me #sad https://t.co/5YMGIEkPsH
AHess19,Me after betting everything I own on Purdue -12.5â€¦#NCAATournament #broke #homeless #taxwriteoff #sad #Purdue https://t.co/LxYEPdDVOH
galactic_ditto,RT @EliteMassager: #followforfollow #happy #style #life #photo #nature #cute #insta #model #music #travel #likesforlike #girl #selfie #viraâ€¦
EliteMassager,#followforfollow #happy #style #life #photo #nature #cute #insta #model #music #travel #likesforlike #girl #selfie #viral  #liker #lfl #yourself #lifestyle #likeback #sad #thoughts #writer #photographer #k #photoshoot #india https://t.co/hDgLBQCWRV
N4TAIR,"No fui invitado a ningÃºn evento de Fortnite, sad chet :,) 

#sad #Fortnite #truste"
brii_divaa,"Cansada de darlo todo y recibir mierda tras mierda,  a veces todo el esfuerzo no alcanza ni para la mitağŸ˜”â˜¹ï¸
#Sad"
MajestyCaribe2,RT @imlespier: Me visto como PNP y me para un guardia. No falla! #Sad https://t.co/21hAKOaknX
marcjef,"@Jim_Jordan Make Republicans NOT Suck Again.
Restore intelligence, honor, dignity &amp; CLASS to the #GOPâ€¦ oh wait- you guys NEVER had it to begin with. Dumping TRUMP as your DemiGod would be a great first step. I mean, REALLY? Is he the VERY BEST you can do? #sad #GOPHypocrisy #resiststupid ğŸ‡ºğŸ‡¸"
upthedowncycle,"@rebeccahahnppc @K_Nantu99 @BruceVConway @MICHAELCTV @FarmBoy @ctvottawa Ur afraid of masks.

ğŸ‘

Maskey hurt facey.

#sad

Hopefully mandates come back when Libs voted in provincial.

Were gonna need it.
#MasksWork 
#mandatesWork 

https://t.co/l3GawFswUk"
CoachTJSalb,The head ref in the @WashSpirit vs @GothamFC thinks this #ChallengeCup game is about her apparently. #Sad
mpparker7,@HuffPostPol The #SupremeCourt is made up of #politicalhacks currently an extension of the #GOP #sad â€¦ but  true #SCOTUS
bluth_mike,@nexta_tv Crooked Vanky is trying to rehabilitate her image #sad
DTrumpFan,Roger Ailes signs his Holiday Cards Season's Beatings - Donald Trump #TrumpChristian? #Sad #Deficit #magictrump?
starrifle,"@briantylercohen @LindseyGrahamSC Brian you nailed it on the head, but sen. graham gives you plenty to work with.  #sad"
TogetherWeRis11,"@RonFilipkowski If thatâ€™s as much enthusiasm as your friends can muster for the birthday song, I think itâ€™s safe to say your friends hate you. I legit thought they had slowed the audio track as a joke. #sad"
A_Slapintheface,Tight game here with #StPetersbasketball and #Purdue and we canâ€™t get a replay on tough foul calls. #sad
SGUHandWashBot,"Hate to bother you, but don't forget to wash your hands! Enjoy your day! #SAD"
vip88d,RT @Ro8391: #GlobalWarming #Sad https://t.co/uAdrHF6bGs
HimuroNoa_,no puedo pasar un nivel con 3 estrellas #sad
PumpkinSome,RT @XmiEmi: Gave this to my bf because he wasnt talking to me #sad https://t.co/5YMGIEkPsH
TSpirael,"RT @PencilSans: Dust and paps is cute, (Â´âœªÏ‰âœª`) Horror too, and Killer too. How calm down somebody? â™¡Â´ï½¥á´—ï½¥`â™¡. 
Dust's also sad (T^T) . 
#dustâ€¦"
LucyLou_Demorin,"@mkraju Thatâ€™s a sad, cowardly position. #sad hope karma remembers."
DavidBeazley4,"#Sad.
Australiaâ€™s anti-vaccine movement is collapsing via @crikey_news https://t.co/8BOFUXdz7O"
ClexaGlobal,"RT @Jessica49349996: â€œi donâ€™t want the next Commander, i want youâ€ this is one of the saddest lines and one of the best in the 100 #The100â€¦"
BotForEquality,"RT @JamesLDulin: The bar for a ""good man"" is so low in heterosexual relationships. My wife regularly gets told how lucky she is by other woâ€¦"
JamesLDulin,"The bar for a ""good man"" is so low in heterosexual relationships. My wife regularly gets told how lucky she is by other women because I also parent our kids. #WTF #Patriarchy #Feminism #sad"
mintyseungmo,#pain #sakit #sad #haha https://t.co/h5eOtgwQIR
D4V1D89262970,RT @XmiEmi: Gave this to my bf because he wasnt talking to me #sad https://t.co/5YMGIEkPsH
FMeuwissen,"@EWErickson Hunter's emails don't implicate, and thomas' wife was coordinating with the white house about a coup.

But you do you. You are noting better than any other run-of-the mill, covid denying trumpist. #sad"
cftsmads,RT @SashieKool: The adults failed him. He was obviously too big for that ride and you can see itâ€™s not secured. #rip #florida #iconpark #saâ€¦
RikFetahu,"The SAITAMA is struggling downfall from November, why we need Realty we need the real coin ( SAITAMA ) to succeed #sad #sorry"
TobiStone15,RT @XmiEmi: Gave this to my bf because he wasnt talking to me #sad https://t.co/5YMGIEkPsH
DafushanQuotes,RT @BinMirza1: #binmirza #Friends #motivation #Sad #knowledge #sufi #sufism #Tweet #Viral https://t.co/myLMkWx8Ly
BinMirza1,#binmirza #Friends #motivation #Sad #knowledge #sufi #sufism #Tweet #Viral https://t.co/myLMkWx8Ly
